user_id,total_sessions,avg_session_length,add_to_cart_rate,purchase_rate,avg_spend,unique_categories,segment,anomaly_score,is_anomaly,churn,retention_strategy
user_1,130,28.22,0.11,0.14,278.65,6,3,-1,1,1,Urgent outreach
user_10,123,33.84,0.1,0.12,242.92,6,3,1,0,1,Incentive offer
user_100,124,33.63,0.11,0.11,254.06,6,3,1,0,1,Incentive offer
user_1000,107,42.16,0.11,0.14,241.29,6,1,1,0,0,Maintain engagement
user_101,121,31.2,0.11,0.12,236.25,6,3,1,0,1,Incentive offer
user_102,125,30.19,0.12,0.09,248.61,6,3,1,0,1,Incentive offer
user_103,123,36.06,0.1,0.08,242.93,6,3,1,0,1,Incentive offer
user_104,117,37.59,0.11,0.11,245.51,6,2,1,0,1,Incentive offer
user_105,111,40.73,0.13,0.1,246.79,6,2,1,0,0,Maintain engagement
user_106,102,43.09,0.1,0.12,275.84,6,4,1,0,0,Maintain engagement
user_107,107,41.13,0.09,0.11,257.96,6,1,1,0,0,Maintain engagement
user_108,116,37.51,0.12,0.1,231.02,6,2,1,0,1,Incentive offer
user_109,108,38.87,0.09,0.1,278.47,6,0,1,0,0,Maintain engagement
user_11,112,39.68,0.12,0.12,276.51,6,0,1,0,0,Maintain engagement
user_110,114,40.5,0.11,0.11,207.44,6,2,1,0,0,Maintain engagement
user_111,109,37.39,0.11,0.12,248.44,6,1,1,0,1,Incentive offer
user_112,112,41.47,0.09,0.1,253.52,6,1,1,0,0,Maintain engagement
user_113,112,40.45,0.1,0.12,251.13,6,1,1,0,0,Maintain engagement
user_114,116,34.08,0.11,0.09,287.86,6,0,1,0,1,Incentive offer
user_115,108,42.16,0.13,0.11,272.11,6,0,1,0,0,Maintain engagement
user_116,112,39.07,0.12,0.12,252.6,6,1,1,0,0,Maintain engagement
user_117,110,43.61,0.1,0.1,238.85,6,4,1,0,0,Maintain engagement
user_118,109,41.94,0.12,0.12,248.62,6,4,1,0,0,Maintain engagement
user_119,105,46.41,0.12,0.11,246.63,6,4,1,0,0,Maintain engagement
user_12,105,41.02,0.12,0.12,246.78,6,4,1,0,0,Maintain engagement
user_120,118,38.95,0.13,0.14,268.78,6,1,1,0,0,Maintain engagement
user_121,115,39.41,0.12,0.12,234.59,6,2,1,0,0,Maintain engagement
user_122,120,35.45,0.11,0.12,291.58,6,3,1,0,1,Incentive offer
user_123,121,35.39,0.11,0.08,234.53,6,2,1,0,1,Incentive offer
user_124,121,33.93,0.09,0.11,236.38,6,3,1,0,1,Incentive offer
user_125,118,35.04,0.12,0.12,248.87,6,3,1,0,1,Incentive offer
user_126,98,47.13,0.11,0.1,306.8,6,4,-1,1,0,Behavior review
user_127,115,37.52,0.1,0.13,266.53,6,1,1,0,1,Incentive offer
user_128,109,43.64,0.11,0.12,267.5,6,4,1,0,0,Maintain engagement
user_129,118,35.8,0.12,0.12,278.25,6,3,1,0,1,Incentive offer
user_13,110,40.59,0.12,0.11,244.83,6,2,1,0,0,Maintain engagement
user_130,122,31.41,0.12,0.1,243.62,6,3,1,0,1,Incentive offer
user_131,109,42.97,0.11,0.11,264.7,6,4,1,0,0,Maintain engagement
user_132,110,41.02,0.1,0.1,246.65,6,2,1,0,0,Maintain engagement
user_133,108,44.13,0.08,0.13,223.6,6,1,-1,1,0,Behavior review
user_134,110,39.0,0.1,0.14,277.44,6,1,1,0,0,Maintain engagement
user_135,117,34.34,0.11,0.09,235.13,6,2,1,0,1,Incentive offer
user_136,111,38.44,0.1,0.11,260.0,6,1,1,0,1,Incentive offer
user_137,112,39.16,0.08,0.12,233.27,6,1,1,0,0,Maintain engagement
user_138,116,34.76,0.11,0.11,261.88,6,3,1,0,1,Incentive offer
user_139,105,45.46,0.11,0.1,258.63,6,4,1,0,0,Maintain engagement
user_14,122,34.58,0.11,0.11,252.83,6,3,1,0,1,Incentive offer
user_140,114,38.79,0.09,0.12,251.15,6,1,1,0,0,Maintain engagement
user_141,108,45.56,0.12,0.11,247.4,6,4,1,0,0,Maintain engagement
user_142,112,41.06,0.11,0.12,251.17,6,1,1,0,0,Maintain engagement
user_143,101,49.59,0.12,0.1,255.18,6,4,1,0,0,Maintain engagement
user_144,120,33.15,0.13,0.12,243.13,6,3,1,0,1,Incentive offer
user_145,127,32.75,0.12,0.11,281.95,6,3,1,0,1,Incentive offer
user_146,122,35.32,0.11,0.11,251.45,6,3,1,0,1,Incentive offer
user_147,116,38.44,0.12,0.12,247.19,6,2,1,0,1,Incentive offer
user_148,107,44.75,0.11,0.11,253.37,6,4,1,0,0,Maintain engagement
user_149,122,33.65,0.09,0.1,221.37,6,3,1,0,1,Incentive offer
user_15,106,44.87,0.1,0.1,262.26,6,4,1,0,0,Maintain engagement
user_150,117,38.16,0.09,0.13,260.81,6,1,1,0,1,Incentive offer
user_151,110,41.66,0.12,0.1,283.23,6,0,1,0,0,Maintain engagement
user_152,113,39.04,0.1,0.12,221.92,6,1,1,0,0,Maintain engagement
user_153,121,33.16,0.09,0.11,223.66,6,3,1,0,1,Incentive offer
user_154,122,35.69,0.12,0.1,249.69,6,3,1,0,1,Incentive offer
user_155,117,36.41,0.14,0.11,273.82,6,0,1,0,1,Incentive offer
user_156,112,37.18,0.12,0.1,262.37,6,0,1,0,1,Incentive offer
user_157,108,44.48,0.12,0.11,255.39,6,4,1,0,0,Maintain engagement
user_158,116,34.38,0.1,0.12,243.07,6,1,1,0,1,Incentive offer
user_159,119,34.58,0.08,0.1,236.45,6,3,1,0,1,Incentive offer
user_16,108,42.57,0.11,0.14,248.41,6,1,1,0,0,Maintain engagement
user_160,108,42.18,0.12,0.11,245.07,6,4,1,0,0,Maintain engagement
user_161,114,37.62,0.1,0.13,255.0,6,1,1,0,1,Incentive offer
user_162,114,41.82,0.12,0.13,249.92,6,1,1,0,0,Maintain engagement
user_163,112,42.91,0.12,0.12,284.83,6,0,1,0,0,Maintain engagement
user_164,122,34.1,0.13,0.11,242.71,6,3,1,0,1,Incentive offer
user_165,108,40.39,0.11,0.1,269.31,6,0,1,0,0,Maintain engagement
user_166,113,36.93,0.07,0.11,261.89,6,1,1,0,1,Incentive offer
user_167,107,42.13,0.13,0.1,232.68,6,2,1,0,0,Maintain engagement
user_168,113,38.83,0.12,0.09,267.35,6,0,1,0,0,Maintain engagement
user_169,116,36.79,0.09,0.11,253.95,6,1,1,0,1,Incentive offer
user_17,122,34.25,0.1,0.09,272.04,6,3,1,0,1,Incentive offer
user_170,98,50.0,0.11,0.12,258.97,6,4,1,0,0,Maintain engagement
user_171,110,44.01,0.12,0.11,218.13,6,2,1,0,0,Maintain engagement
user_172,120,36.22,0.1,0.11,257.26,6,3,1,0,1,Incentive offer
user_173,120,33.89,0.13,0.14,254.62,6,3,1,0,1,Incentive offer
user_174,110,40.85,0.11,0.12,257.69,6,1,1,0,0,Maintain engagement
user_175,120,36.94,0.11,0.11,276.46,6,3,1,0,1,Incentive offer
user_176,107,40.84,0.12,0.1,249.51,6,0,1,0,0,Maintain engagement
user_177,111,39.45,0.14,0.1,265.2,6,0,1,0,0,Maintain engagement
user_178,105,43.05,0.09,0.13,243.64,6,1,1,0,0,Maintain engagement
user_179,116,38.78,0.09,0.09,256.77,6,2,1,0,0,Maintain engagement
user_18,110,40.26,0.11,0.12,264.13,6,1,1,0,0,Maintain engagement
user_180,113,39.34,0.11,0.11,254.56,6,0,1,0,0,Maintain engagement
user_181,116,34.34,0.12,0.11,219.3,6,2,1,0,1,Incentive offer
user_182,112,39.49,0.11,0.08,251.83,6,2,1,0,0,Maintain engagement
user_183,115,37.27,0.12,0.1,281.55,6,0,1,0,1,Incentive offer
user_184,106,45.23,0.11,0.09,256.63,6,4,1,0,0,Maintain engagement
user_185,110,46.14,0.12,0.12,251.19,6,4,1,0,0,Maintain engagement
user_186,112,41.76,0.14,0.11,221.39,6,2,1,0,0,Maintain engagement
user_187,117,36.14,0.11,0.1,244.07,6,2,1,0,1,Incentive offer
user_188,116,35.8,0.11,0.12,238.78,6,1,1,0,1,Incentive offer
user_189,104,46.66,0.11,0.1,284.59,6,4,1,0,0,Maintain engagement
user_19,114,35.1,0.12,0.08,254.56,6,0,1,0,1,Incentive offer
user_190,115,38.07,0.1,0.1,255.22,6,2,1,0,1,Incentive offer
user_191,115,37.08,0.13,0.11,258.2,6,0,1,0,1,Incentive offer
user_192,113,39.89,0.1,0.13,260.5,6,1,1,0,0,Maintain engagement
user_193,109,42.18,0.1,0.12,267.06,6,1,1,0,0,Maintain engagement
user_194,110,38.78,0.12,0.1,296.87,6,0,1,0,0,Maintain engagement
user_195,116,38.15,0.1,0.11,240.43,6,2,1,0,1,Incentive offer
user_196,117,38.0,0.09,0.09,237.18,6,2,1,0,1,Incentive offer
user_197,112,41.68,0.12,0.14,238.85,6,1,1,0,0,Maintain engagement
user_198,107,41.43,0.1,0.1,212.32,6,2,1,0,0,Maintain engagement
user_199,113,40.1,0.12,0.11,258.72,6,0,1,0,0,Maintain engagement
user_2,118,34.98,0.11,0.11,254.57,6,3,1,0,1,Incentive offer
user_20,118,35.19,0.11,0.12,256.23,6,3,1,0,1,Incentive offer
user_200,96,52.04,0.14,0.1,227.84,6,4,-1,1,0,Behavior review
user_201,116,35.24,0.11,0.11,249.58,6,3,1,0,1,Incentive offer
user_202,123,31.88,0.1,0.12,278.89,6,3,1,0,1,Incentive offer
user_203,105,43.7,0.14,0.1,256.34,6,0,1,0,0,Maintain engagement
user_204,106,42.41,0.14,0.1,281.58,6,0,1,0,0,Maintain engagement
user_205,106,41.85,0.11,0.11,241.16,6,4,1,0,0,Maintain engagement
user_206,117,38.61,0.11,0.1,226.93,6,2,1,0,1,Incentive offer
user_207,117,34.75,0.11,0.12,234.86,6,3,1,0,1,Incentive offer
user_208,113,39.56,0.08,0.11,294.44,6,1,1,0,0,Maintain engagement
user_209,109,41.32,0.12,0.11,295.46,6,0,1,0,0,Maintain engagement
user_21,118,34.92,0.11,0.09,247.24,6,2,1,0,1,Incentive offer
user_210,109,40.53,0.12,0.11,262.41,6,0,1,0,0,Maintain engagement
user_211,106,41.25,0.11,0.11,262.58,6,4,1,0,0,Maintain engagement
user_212,115,41.88,0.1,0.12,241.24,6,1,1,0,0,Maintain engagement
user_213,107,42.37,0.08,0.12,248.79,6,1,1,0,0,Maintain engagement
user_214,109,43.69,0.11,0.11,235.43,6,4,1,0,0,Maintain engagement
user_215,115,35.9,0.1,0.09,233.92,6,2,1,0,1,Incentive offer
user_216,117,37.42,0.11,0.1,221.62,6,2,1,0,1,Incentive offer
user_217,119,33.4,0.1,0.11,256.42,6,3,1,0,1,Incentive offer
user_218,110,43.44,0.1,0.13,238.59,6,1,1,0,0,Maintain engagement
user_219,112,40.4,0.1,0.11,242.91,6,1,1,0,0,Maintain engagement
user_22,115,34.46,0.11,0.11,235.96,6,2,1,0,1,Incentive offer
user_220,120,32.17,0.1,0.1,262.05,6,3,1,0,1,Incentive offer
user_221,108,40.87,0.1,0.13,249.21,6,1,1,0,0,Maintain engagement
user_222,108,45.94,0.12,0.1,234.03,6,4,1,0,0,Maintain engagement
user_223,113,38.45,0.09,0.11,206.51,6,2,1,0,1,Incentive offer
user_224,114,39.1,0.12,0.12,258.77,6,0,1,0,0,Maintain engagement
user_225,115,35.56,0.09,0.1,253.76,6,3,1,0,1,Incentive offer
user_226,116,37.66,0.11,0.11,256.52,6,3,1,0,1,Incentive offer
user_227,122,33.38,0.11,0.14,259.35,6,3,1,0,1,Incentive offer
user_228,120,35.73,0.12,0.09,263.96,6,0,1,0,1,Incentive offer
user_229,119,34.38,0.11,0.09,244.97,6,3,1,0,1,Incentive offer
user_23,114,40.17,0.11,0.12,254.04,6,1,1,0,0,Maintain engagement
user_230,100,50.52,0.12,0.11,252.86,6,4,1,0,0,Maintain engagement
user_231,115,42.29,0.1,0.1,276.73,6,0,1,0,0,Maintain engagement
user_232,108,38.57,0.12,0.11,232.4,6,2,1,0,1,Incentive offer
user_233,113,36.65,0.12,0.11,259.03,6,0,1,0,1,Incentive offer
user_234,123,31.99,0.11,0.14,247.67,6,3,1,0,1,Incentive offer
user_235,127,30.57,0.12,0.12,268.5,6,3,1,0,1,Incentive offer
user_236,107,41.48,0.12,0.11,226.66,6,2,1,0,0,Maintain engagement
user_237,117,36.21,0.13,0.1,241.24,6,2,1,0,1,Incentive offer
user_238,113,42.3,0.1,0.1,237.57,6,2,1,0,0,Maintain engagement
user_239,111,39.52,0.09,0.11,237.76,6,1,1,0,0,Maintain engagement
user_24,112,35.52,0.14,0.1,253.42,6,0,1,0,1,Incentive offer
user_240,117,37.33,0.1,0.12,234.77,6,1,1,0,1,Incentive offer
user_241,126,32.66,0.09,0.1,259.62,6,3,1,0,1,Incentive offer
user_242,116,34.81,0.11,0.1,252.39,6,3,1,0,1,Incentive offer
user_243,113,40.5,0.09,0.1,251.5,6,1,1,0,0,Maintain engagement
user_244,115,40.32,0.1,0.11,267.2,6,1,1,0,0,Maintain engagement
user_245,107,44.77,0.08,0.12,251.97,6,1,1,0,0,Maintain engagement
user_246,121,34.99,0.12,0.1,239.0,6,3,1,0,1,Incentive offer
user_247,117,36.41,0.11,0.09,233.06,6,2,1,0,1,Incentive offer
user_248,112,37.51,0.09,0.1,235.39,6,2,1,0,1,Incentive offer
user_249,116,36.46,0.13,0.09,265.68,6,0,1,0,1,Incentive offer
user_25,124,33.81,0.11,0.12,242.82,6,3,1,0,1,Incentive offer
user_250,106,46.05,0.1,0.12,264.57,6,4,1,0,0,Maintain engagement
user_251,115,36.47,0.1,0.12,262.44,6,1,1,0,1,Incentive offer
user_252,121,32.42,0.13,0.11,266.19,6,3,1,0,1,Incentive offer
user_253,120,35.38,0.1,0.11,251.03,6,3,1,0,1,Incentive offer
user_254,113,36.83,0.1,0.1,262.32,6,0,1,0,1,Incentive offer
user_255,114,38.02,0.12,0.1,243.45,6,2,1,0,1,Incentive offer
user_256,112,39.31,0.11,0.1,234.93,6,2,1,0,0,Maintain engagement
user_257,117,39.05,0.12,0.11,283.7,6,0,1,0,0,Maintain engagement
user_258,115,37.42,0.12,0.08,278.41,6,0,1,0,1,Incentive offer
user_259,107,41.52,0.11,0.14,259.7,6,1,1,0,0,Maintain engagement
user_26,114,37.64,0.12,0.1,262.15,6,0,1,0,1,Incentive offer
user_260,110,38.5,0.1,0.13,281.12,6,1,1,0,1,Incentive offer
user_261,106,48.7,0.08,0.12,252.99,6,4,1,0,0,Maintain engagement
user_262,118,35.95,0.1,0.1,248.53,6,3,1,0,1,Incentive offer
user_263,126,32.21,0.11,0.13,249.2,6,3,1,0,1,Incentive offer
user_264,110,39.85,0.1,0.1,242.83,6,2,1,0,0,Maintain engagement
user_265,113,39.69,0.11,0.08,233.47,6,2,1,0,0,Maintain engagement
user_266,115,42.13,0.12,0.14,280.58,6,1,1,0,0,Maintain engagement
user_267,112,39.64,0.12,0.13,275.71,6,1,1,0,0,Maintain engagement
user_268,113,40.49,0.12,0.1,257.51,6,0,1,0,0,Maintain engagement
user_269,114,39.35,0.12,0.1,278.03,6,0,1,0,0,Maintain engagement
user_27,119,32.76,0.12,0.1,261.93,6,3,1,0,1,Incentive offer
user_270,105,44.14,0.1,0.1,232.25,6,4,1,0,0,Maintain engagement
user_271,116,37.45,0.12,0.11,266.57,6,0,1,0,1,Incentive offer
user_272,120,33.26,0.12,0.11,228.69,6,3,1,0,1,Incentive offer
user_273,108,39.48,0.12,0.1,242.4,6,2,1,0,0,Maintain engagement
user_274,121,34.7,0.11,0.1,265.74,6,3,1,0,1,Incentive offer
user_275,107,39.94,0.13,0.1,233.94,6,2,1,0,0,Maintain engagement
user_276,117,38.49,0.1,0.1,212.94,6,2,1,0,1,Incentive offer
user_277,118,35.26,0.11,0.12,234.91,6,3,1,0,1,Incentive offer
user_278,120,33.59,0.14,0.1,256.95,6,3,1,0,1,Incentive offer
user_279,116,39.51,0.09,0.11,242.06,6,1,1,0,0,Maintain engagement
user_28,110,41.36,0.13,0.11,225.03,6,2,1,0,0,Maintain engagement
user_280,121,35.72,0.11,0.11,252.81,6,3,1,0,1,Incentive offer
user_281,129,29.78,0.12,0.08,272.59,6,3,-1,1,1,Urgent outreach
user_282,111,40.92,0.11,0.15,255.41,6,1,1,0,0,Maintain engagement
user_283,117,39.7,0.09,0.11,242.04,6,1,1,0,0,Maintain engagement
user_284,120,34.78,0.1,0.09,256.48,6,3,1,0,1,Incentive offer
user_285,116,37.6,0.11,0.11,261.09,6,0,1,0,1,Incentive offer
user_286,116,36.36,0.13,0.1,282.75,6,0,1,0,1,Incentive offer
user_287,105,45.87,0.11,0.1,288.18,6,4,1,0,0,Maintain engagement
user_288,114,38.82,0.12,0.09,248.5,6,2,1,0,0,Maintain engagement
user_289,113,41.3,0.12,0.12,256.43,6,0,1,0,0,Maintain engagement
user_29,110,44.6,0.14,0.11,283.53,6,0,1,0,0,Maintain engagement
user_290,110,43.28,0.11,0.09,261.26,6,0,1,0,0,Maintain engagement
user_291,109,42.15,0.11,0.11,275.0,6,0,1,0,0,Maintain engagement
user_292,116,36.57,0.11,0.13,242.22,6,1,1,0,1,Incentive offer
user_293,122,32.43,0.1,0.1,227.57,6,3,1,0,1,Incentive offer
user_294,103,48.5,0.1,0.09,273.27,6,4,-1,1,0,Behavior review
user_295,112,41.77,0.11,0.13,246.05,6,1,1,0,0,Maintain engagement
user_296,120,34.76,0.11,0.1,253.03,6,3,1,0,1,Incentive offer
user_297,118,35.21,0.11,0.13,291.71,6,3,1,0,1,Incentive offer
user_298,116,35.93,0.1,0.1,258.62,6,3,1,0,1,Incentive offer
user_299,113,39.99,0.11,0.08,252.11,6,2,1,0,0,Maintain engagement
user_3,109,41.44,0.12,0.11,244.31,6,2,1,0,0,Maintain engagement
user_30,106,47.11,0.13,0.12,269.86,6,4,1,0,0,Maintain engagement
user_300,118,36.1,0.11,0.13,249.2,6,1,1,0,1,Incentive offer
user_301,105,45.89,0.1,0.12,262.55,6,4,1,0,0,Maintain engagement
user_302,116,36.76,0.1,0.13,275.99,6,1,1,0,1,Incentive offer
user_303,107,41.97,0.11,0.11,244.96,6,4,1,0,0,Maintain engagement
user_304,125,32.72,0.12,0.09,268.43,6,3,1,0,1,Incentive offer
user_305,110,43.26,0.14,0.13,239.31,6,2,1,0,0,Maintain engagement
user_306,114,36.89,0.13,0.1,233.74,6,2,1,0,1,Incentive offer
user_307,113,39.7,0.12,0.12,250.39,6,1,1,0,0,Maintain engagement
user_308,116,34.93,0.09,0.11,300.72,6,3,1,0,1,Incentive offer
user_309,105,44.35,0.12,0.1,246.64,6,4,1,0,0,Maintain engagement
user_31,114,38.63,0.11,0.12,271.06,6,1,1,0,1,Incentive offer
user_310,110,45.64,0.11,0.09,269.88,6,0,1,0,0,Maintain engagement
user_311,114,38.5,0.13,0.12,242.33,6,2,1,0,1,Incentive offer
user_312,120,35.74,0.12,0.11,220.53,6,2,1,0,1,Incentive offer
user_313,118,33.96,0.1,0.1,275.36,6,3,1,0,1,Incentive offer
user_314,108,44.81,0.11,0.11,267.97,6,4,1,0,0,Maintain engagement
user_315,113,37.97,0.11,0.1,261.6,6,0,1,0,1,Incentive offer
user_316,112,41.58,0.1,0.11,276.37,6,0,1,0,0,Maintain engagement
user_317,130,27.67,0.11,0.12,251.99,6,3,1,0,1,Incentive offer
user_318,100,45.71,0.09,0.12,266.0,6,4,1,0,0,Maintain engagement
user_319,118,36.73,0.11,0.12,256.14,6,3,1,0,1,Incentive offer
user_32,121,33.39,0.12,0.13,244.24,6,3,1,0,1,Incentive offer
user_320,124,32.41,0.11,0.13,250.3,6,3,1,0,1,Incentive offer
user_321,117,35.16,0.1,0.11,268.18,6,3,1,0,1,Incentive offer
user_322,101,49.82,0.13,0.1,242.9,6,4,-1,1,0,Behavior review
user_323,109,41.68,0.12,0.09,254.67,6,0,1,0,0,Maintain engagement
user_324,115,38.74,0.13,0.11,276.53,6,0,1,0,1,Incentive offer
user_325,112,40.28,0.1,0.11,246.34,6,1,1,0,0,Maintain engagement
user_326,120,34.83,0.11,0.1,222.89,6,2,1,0,1,Incentive offer
user_327,122,35.63,0.1,0.11,239.2,6,3,1,0,1,Incentive offer
user_328,118,33.95,0.13,0.1,225.97,6,2,1,0,1,Incentive offer
user_329,109,43.16,0.12,0.11,263.65,6,0,1,0,0,Maintain engagement
user_33,104,47.96,0.1,0.1,258.77,6,4,1,0,0,Maintain engagement
user_330,120,35.29,0.12,0.12,215.94,6,2,1,0,1,Incentive offer
user_331,108,43.73,0.09,0.11,260.14,6,4,1,0,0,Maintain engagement
user_332,113,36.81,0.1,0.11,233.47,6,2,1,0,1,Incentive offer
user_333,111,41.33,0.12,0.12,260.21,6,0,1,0,0,Maintain engagement
user_334,120,33.69,0.14,0.13,242.65,6,3,1,0,1,Incentive offer
user_335,103,49.76,0.14,0.11,264.09,6,4,-1,1,0,Behavior review
user_336,119,34.27,0.11,0.12,281.14,6,3,1,0,1,Incentive offer
user_337,120,31.85,0.09,0.11,250.24,6,3,1,0,1,Incentive offer
user_338,107,44.49,0.13,0.08,249.78,6,0,1,0,0,Maintain engagement
user_339,115,36.66,0.14,0.1,267.23,6,0,1,0,1,Incentive offer
user_34,107,44.93,0.11,0.11,265.18,6,4,1,0,0,Maintain engagement
user_340,118,33.63,0.11,0.14,243.8,6,1,1,0,1,Incentive offer
user_341,109,44.43,0.1,0.09,234.95,6,4,1,0,0,Maintain engagement
user_342,114,37.96,0.12,0.09,260.85,6,0,1,0,1,Incentive offer
user_343,116,39.09,0.1,0.14,233.78,6,1,1,0,0,Maintain engagement
user_344,107,38.79,0.15,0.11,232.98,6,2,1,0,0,Maintain engagement
user_345,108,41.14,0.11,0.1,245.88,6,2,1,0,0,Maintain engagement
user_346,113,38.01,0.12,0.09,242.9,6,2,1,0,1,Incentive offer
user_347,122,33.37,0.11,0.12,265.48,6,3,1,0,1,Incentive offer
user_348,107,44.42,0.11,0.11,281.02,6,4,1,0,0,Maintain engagement
user_349,111,41.25,0.11,0.11,268.09,6,0,1,0,0,Maintain engagement
user_35,98,52.12,0.11,0.11,273.25,6,4,-1,1,0,Behavior review
user_350,119,35.24,0.14,0.1,253.22,6,0,1,0,1,Incentive offer
user_351,104,45.72,0.11,0.12,270.13,6,4,1,0,0,Maintain engagement
user_352,119,32.19,0.11,0.1,266.68,6,3,1,0,1,Incentive offer
user_353,119,31.06,0.12,0.12,246.26,6,3,1,0,1,Incentive offer
user_354,106,43.93,0.1,0.1,252.73,6,4,1,0,0,Maintain engagement
user_355,112,42.1,0.12,0.11,244.65,6,2,1,0,0,Maintain engagement
user_356,121,32.18,0.12,0.1,222.38,6,2,1,0,1,Incentive offer
user_357,125,34.63,0.11,0.09,268.79,6,3,1,0,1,Incentive offer
user_358,92,58.54,0.11,0.08,242.82,6,4,-1,1,0,Behavior review
user_359,117,36.48,0.11,0.14,264.96,6,1,1,0,1,Incentive offer
user_36,133,29.59,0.14,0.1,241.84,6,3,-1,1,1,Urgent outreach
user_360,111,40.47,0.12,0.12,275.76,6,0,1,0,0,Maintain engagement
user_361,117,36.95,0.11,0.1,252.24,6,2,1,0,1,Incentive offer
user_362,112,38.67,0.14,0.11,262.59,6,0,1,0,1,Incentive offer
user_363,113,39.43,0.09,0.11,261.09,6,1,1,0,0,Maintain engagement
user_364,107,45.85,0.11,0.09,228.65,6,4,1,0,0,Maintain engagement
user_365,106,44.13,0.12,0.1,287.98,6,0,1,0,0,Maintain engagement
user_366,108,41.96,0.11,0.14,237.64,6,1,1,0,0,Maintain engagement
user_367,120,35.68,0.12,0.14,280.23,6,3,1,0,1,Incentive offer
user_368,108,42.36,0.08,0.11,262.18,6,1,1,0,0,Maintain engagement
user_369,114,36.85,0.1,0.1,231.25,6,2,1,0,1,Incentive offer
user_37,124,29.93,0.14,0.11,221.85,6,3,-1,1,1,Urgent outreach
user_370,109,40.77,0.09,0.11,262.83,6,1,1,0,0,Maintain engagement
user_371,114,34.97,0.09,0.12,244.57,6,1,1,0,1,Incentive offer
user_372,107,42.33,0.13,0.12,247.04,6,4,1,0,0,Maintain engagement
user_373,115,37.5,0.11,0.12,219.31,6,2,1,0,1,Incentive offer
user_374,110,42.34,0.12,0.11,301.04,6,0,1,0,0,Maintain engagement
user_375,103,46.73,0.1,0.1,244.83,6,4,1,0,0,Maintain engagement
user_376,114,37.15,0.11,0.13,230.17,6,1,1,0,1,Incentive offer
user_377,116,37.18,0.09,0.12,256.68,6,1,1,0,1,Incentive offer
user_378,120,32.02,0.09,0.12,294.35,6,3,1,0,1,Incentive offer
user_379,99,50.9,0.1,0.11,228.99,6,4,1,0,0,Maintain engagement
user_38,117,35.9,0.12,0.1,250.79,6,2,1,0,1,Incentive offer
user_380,110,40.86,0.09,0.15,218.11,6,1,-1,1,0,Behavior review
user_381,125,33.78,0.11,0.1,290.23,6,3,1,0,1,Incentive offer
user_382,108,42.61,0.11,0.11,255.26,6,4,1,0,0,Maintain engagement
user_383,116,36.32,0.12,0.11,240.15,6,2,1,0,1,Incentive offer
user_384,118,38.53,0.08,0.12,272.82,6,1,1,0,1,Incentive offer
user_385,108,39.42,0.1,0.12,271.59,6,1,1,0,0,Maintain engagement
user_386,113,41.0,0.11,0.1,240.2,6,2,1,0,0,Maintain engagement
user_387,111,41.35,0.1,0.1,249.21,6,2,1,0,0,Maintain engagement
user_388,123,34.98,0.12,0.11,262.73,6,3,1,0,1,Incentive offer
user_389,121,35.72,0.14,0.13,247.79,6,3,1,0,1,Incentive offer
user_39,116,38.82,0.13,0.11,229.34,6,2,1,0,0,Maintain engagement
user_390,108,41.59,0.11,0.12,239.72,6,1,1,0,0,Maintain engagement
user_391,107,42.76,0.13,0.09,243.8,6,2,1,0,0,Maintain engagement
user_392,117,37.36,0.13,0.11,260.26,6,0,1,0,1,Incentive offer
user_393,114,42.24,0.13,0.1,265.97,6,0,1,0,0,Maintain engagement
user_394,117,36.87,0.11,0.11,256.03,6,3,1,0,1,Incentive offer
user_395,112,41.13,0.12,0.1,252.06,6,0,1,0,0,Maintain engagement
user_396,113,39.46,0.12,0.1,245.02,6,2,1,0,0,Maintain engagement
user_397,122,32.91,0.09,0.1,296.64,6,3,1,0,1,Incentive offer
user_398,110,40.24,0.13,0.13,279.85,6,0,1,0,0,Maintain engagement
user_399,109,41.14,0.11,0.1,242.61,6,2,1,0,0,Maintain engagement
user_4,114,41.28,0.11,0.12,260.35,6,1,1,0,0,Maintain engagement
user_40,112,38.18,0.08,0.11,258.27,6,1,1,0,1,Incentive offer
user_400,109,41.74,0.1,0.12,223.7,6,1,1,0,0,Maintain engagement
user_401,112,41.17,0.12,0.12,268.66,6,0,1,0,0,Maintain engagement
user_402,122,33.77,0.1,0.1,275.11,6,3,1,0,1,Incentive offer
user_403,128,29.71,0.09,0.1,224.66,6,3,-1,1,1,Urgent outreach
user_404,124,33.19,0.12,0.11,253.12,6,3,1,0,1,Incentive offer
user_405,116,34.91,0.1,0.11,232.35,6,2,1,0,1,Incentive offer
user_406,113,38.66,0.11,0.14,233.53,6,1,1,0,1,Incentive offer
user_407,115,34.32,0.1,0.12,240.64,6,1,1,0,1,Incentive offer
user_408,113,40.33,0.1,0.1,258.46,6,0,1,0,0,Maintain engagement
user_409,121,36.43,0.12,0.11,249.6,6,3,1,0,1,Incentive offer
user_41,102,48.19,0.1,0.13,254.81,6,4,1,0,0,Maintain engagement
user_410,121,34.19,0.13,0.11,229.86,6,2,1,0,1,Incentive offer
user_411,104,49.04,0.1,0.11,259.71,6,4,1,0,0,Maintain engagement
user_412,111,41.79,0.11,0.11,247.24,6,2,1,0,0,Maintain engagement
user_413,126,31.36,0.12,0.09,264.76,6,3,1,0,1,Incentive offer
user_414,112,40.18,0.12,0.11,244.94,6,2,1,0,0,Maintain engagement
user_415,108,44.69,0.12,0.15,223.9,6,1,-1,1,0,Behavior review
user_416,113,38.26,0.12,0.1,271.52,6,0,1,0,1,Incentive offer
user_417,117,36.49,0.1,0.11,272.21,6,3,1,0,1,Incentive offer
user_418,119,35.02,0.09,0.1,275.2,6,3,1,0,1,Incentive offer
user_419,112,38.77,0.1,0.1,250.22,6,2,1,0,0,Maintain engagement
user_42,106,43.8,0.13,0.11,242.36,6,4,1,0,0,Maintain engagement
user_420,111,42.96,0.12,0.11,254.43,6,0,1,0,0,Maintain engagement
user_421,114,37.41,0.11,0.11,262.05,6,0,1,0,1,Incentive offer
user_422,111,42.09,0.1,0.13,243.59,6,1,1,0,0,Maintain engagement
user_423,113,38.31,0.12,0.12,222.98,6,2,1,0,1,Incentive offer
user_424,119,36.5,0.1,0.11,283.16,6,3,1,0,1,Incentive offer
user_425,113,39.45,0.13,0.09,243.16,6,2,1,0,0,Maintain engagement
user_426,118,37.21,0.12,0.13,271.52,6,1,1,0,1,Incentive offer
user_427,118,35.31,0.11,0.11,268.94,6,3,1,0,1,Incentive offer
user_428,118,36.34,0.1,0.15,226.66,6,1,1,0,1,Incentive offer
user_429,112,37.63,0.1,0.12,287.34,6,1,1,0,1,Incentive offer
user_43,113,42.09,0.09,0.11,243.65,6,1,1,0,0,Maintain engagement
user_430,109,40.57,0.1,0.11,257.77,6,1,1,0,0,Maintain engagement
user_431,105,45.22,0.11,0.1,241.18,6,4,1,0,0,Maintain engagement
user_432,119,35.02,0.12,0.13,238.67,6,3,1,0,1,Incentive offer
user_433,114,36.88,0.11,0.1,257.65,6,0,1,0,1,Incentive offer
user_434,115,40.75,0.11,0.12,214.68,6,2,1,0,0,Maintain engagement
user_435,109,42.18,0.12,0.11,253.37,6,0,1,0,0,Maintain engagement
user_436,116,37.45,0.1,0.11,294.77,6,0,1,0,1,Incentive offer
user_437,114,36.79,0.11,0.15,269.81,6,1,1,0,1,Incentive offer
user_438,108,40.41,0.14,0.1,253.16,6,0,1,0,0,Maintain engagement
user_439,125,32.47,0.11,0.12,260.93,6,3,1,0,1,Incentive offer
user_44,115,37.15,0.1,0.12,222.16,6,1,1,0,1,Incentive offer
user_440,112,41.24,0.11,0.11,232.75,6,2,1,0,0,Maintain engagement
user_441,113,38.57,0.09,0.09,266.08,6,0,1,0,1,Incentive offer
user_442,119,35.8,0.12,0.11,288.9,6,0,1,0,1,Incentive offer
user_443,109,43.34,0.09,0.09,275.23,6,4,1,0,0,Maintain engagement
user_444,105,43.8,0.11,0.11,232.1,6,4,1,0,0,Maintain engagement
user_445,118,36.6,0.1,0.09,247.88,6,2,1,0,1,Incentive offer
user_446,105,45.48,0.09,0.12,267.15,6,4,1,0,0,Maintain engagement
user_447,109,43.42,0.09,0.11,275.74,6,4,1,0,0,Maintain engagement
user_448,119,32.66,0.09,0.1,255.5,6,3,1,0,1,Incentive offer
user_449,129,26.96,0.1,0.12,252.81,6,3,1,0,1,Incentive offer
user_45,118,35.38,0.09,0.14,231.39,6,1,1,0,1,Incentive offer
user_450,116,38.28,0.11,0.13,237.96,6,1,1,0,1,Incentive offer
user_451,119,35.2,0.12,0.14,256.46,6,1,1,0,1,Incentive offer
user_452,115,36.5,0.1,0.11,230.18,6,2,1,0,1,Incentive offer
user_453,117,38.49,0.12,0.14,269.24,6,1,1,0,1,Incentive offer
user_454,109,40.81,0.11,0.12,280.16,6,0,1,0,0,Maintain engagement
user_455,113,36.22,0.11,0.11,259.77,6,0,1,0,1,Incentive offer
user_456,122,34.14,0.1,0.09,257.02,6,3,1,0,1,Incentive offer
user_457,114,38.36,0.1,0.13,220.58,6,1,1,0,1,Incentive offer
user_458,101,44.49,0.1,0.11,262.22,6,4,1,0,0,Maintain engagement
user_459,114,41.0,0.1,0.11,235.13,6,2,1,0,0,Maintain engagement
user_46,110,41.05,0.1,0.11,257.89,6,1,1,0,0,Maintain engagement
user_460,112,42.2,0.11,0.11,234.11,6,2,1,0,0,Maintain engagement
user_461,115,38.26,0.1,0.11,290.9,6,0,1,0,1,Incentive offer
user_462,116,36.14,0.12,0.1,205.72,6,2,1,0,1,Incentive offer
user_463,119,34.08,0.11,0.11,286.58,6,3,1,0,1,Incentive offer
user_464,124,32.74,0.1,0.13,274.63,6,3,1,0,1,Incentive offer
user_465,119,35.35,0.11,0.1,234.81,6,2,1,0,1,Incentive offer
user_466,109,40.15,0.11,0.12,240.08,6,1,1,0,0,Maintain engagement
user_467,109,42.48,0.1,0.12,229.84,6,1,1,0,0,Maintain engagement
user_468,116,34.11,0.1,0.11,254.18,6,3,1,0,1,Incentive offer
user_469,112,39.57,0.12,0.11,260.95,6,0,1,0,0,Maintain engagement
user_47,112,40.83,0.1,0.1,264.19,6,0,1,0,0,Maintain engagement
user_470,97,51.63,0.1,0.11,268.36,6,4,-1,1,0,Behavior review
user_471,115,37.8,0.11,0.12,239.75,6,1,1,0,1,Incentive offer
user_472,113,40.32,0.12,0.1,237.09,6,2,1,0,0,Maintain engagement
user_473,105,41.74,0.11,0.13,209.84,6,1,1,0,0,Maintain engagement
user_474,123,28.7,0.12,0.11,237.8,6,3,1,0,1,Incentive offer
user_475,119,35.39,0.12,0.13,223.02,6,2,1,0,1,Incentive offer
user_476,112,39.75,0.1,0.13,249.69,6,1,1,0,0,Maintain engagement
user_477,118,33.96,0.09,0.11,245.79,6,3,1,0,1,Incentive offer
user_478,117,37.67,0.12,0.08,233.51,6,2,1,0,1,Incentive offer
user_479,114,36.6,0.1,0.11,239.38,6,2,1,0,1,Incentive offer
user_48,105,43.67,0.12,0.1,253.25,6,4,1,0,0,Maintain engagement
user_480,110,38.97,0.12,0.12,252.62,6,1,1,0,0,Maintain engagement
user_481,118,36.44,0.1,0.12,225.4,6,1,1,0,1,Incentive offer
user_482,94,55.55,0.11,0.12,255.33,6,4,-1,1,0,Behavior review
user_483,129,28.87,0.13,0.1,280.64,6,3,-1,1,1,Urgent outreach
user_484,115,39.33,0.11,0.12,296.45,6,0,1,0,0,Maintain engagement
user_485,112,41.54,0.1,0.12,232.62,6,1,1,0,0,Maintain engagement
user_486,108,41.43,0.11,0.1,268.18,6,0,1,0,0,Maintain engagement
user_487,119,33.88,0.11,0.12,234.53,6,3,1,0,1,Incentive offer
user_488,112,40.23,0.12,0.13,237.74,6,1,1,0,0,Maintain engagement
user_489,114,35.63,0.11,0.09,220.03,6,2,1,0,1,Incentive offer
user_49,114,36.96,0.1,0.11,247.01,6,1,1,0,1,Incentive offer
user_490,113,38.18,0.12,0.12,264.81,6,0,1,0,1,Incentive offer
user_491,113,36.77,0.12,0.12,273.12,6,0,1,0,1,Incentive offer
user_492,122,34.35,0.09,0.11,243.36,6,3,1,0,1,Incentive offer
user_493,113,33.62,0.12,0.12,278.23,6,0,1,0,1,Incentive offer
user_494,109,40.95,0.1,0.11,202.73,6,2,1,0,0,Maintain engagement
user_495,103,48.08,0.1,0.11,244.12,6,4,1,0,0,Maintain engagement
user_496,109,39.38,0.1,0.09,240.49,6,2,1,0,0,Maintain engagement
user_497,114,38.99,0.12,0.11,267.08,6,0,1,0,0,Maintain engagement
user_498,99,50.87,0.09,0.11,271.1,6,4,-1,1,0,Behavior review
user_499,108,41.29,0.08,0.12,242.6,6,1,1,0,0,Maintain engagement
user_5,120,33.59,0.1,0.12,242.4,6,3,1,0,1,Incentive offer
user_50,124,36.07,0.11,0.11,250.35,6,3,1,0,1,Incentive offer
user_500,120,34.85,0.1,0.13,223.91,6,1,1,0,1,Incentive offer
user_501,110,38.81,0.1,0.13,254.62,6,1,1,0,0,Maintain engagement
user_502,114,39.33,0.11,0.1,235.46,6,2,1,0,0,Maintain engagement
user_503,106,47.61,0.11,0.11,237.44,6,4,1,0,0,Maintain engagement
user_504,126,30.94,0.12,0.1,261.69,6,3,1,0,1,Incentive offer
user_505,112,40.24,0.11,0.1,275.39,6,0,1,0,0,Maintain engagement
user_506,112,40.3,0.12,0.1,254.89,6,0,1,0,0,Maintain engagement
user_507,104,48.48,0.1,0.1,277.12,6,4,1,0,0,Maintain engagement
user_508,118,35.98,0.12,0.13,256.24,6,3,1,0,1,Incentive offer
user_509,121,33.61,0.1,0.12,270.89,6,3,1,0,1,Incentive offer
user_51,114,34.9,0.08,0.12,266.94,6,1,1,0,1,Incentive offer
user_510,109,39.88,0.11,0.12,284.52,6,0,1,0,0,Maintain engagement
user_511,122,34.59,0.11,0.11,279.22,6,3,1,0,1,Incentive offer
user_512,109,42.13,0.1,0.13,248.12,6,1,1,0,0,Maintain engagement
user_513,108,40.92,0.13,0.1,259.49,6,0,1,0,0,Maintain engagement
user_514,112,40.41,0.12,0.12,247.25,6,1,1,0,0,Maintain engagement
user_515,123,35.0,0.11,0.11,270.99,6,3,1,0,1,Incentive offer
user_516,115,38.94,0.12,0.11,247.56,6,2,1,0,0,Maintain engagement
user_517,110,42.14,0.12,0.1,238.77,6,2,1,0,0,Maintain engagement
user_518,108,43.35,0.09,0.11,252.44,6,4,1,0,0,Maintain engagement
user_519,118,35.89,0.12,0.11,243.03,6,2,1,0,1,Incentive offer
user_52,116,35.7,0.15,0.09,295.16,6,0,-1,1,1,Urgent outreach
user_520,115,38.64,0.1,0.12,257.89,6,1,1,0,1,Incentive offer
user_521,102,47.7,0.12,0.13,251.91,6,4,1,0,0,Maintain engagement
user_522,109,40.69,0.1,0.13,252.41,6,1,1,0,0,Maintain engagement
user_523,111,42.69,0.1,0.13,254.02,6,1,1,0,0,Maintain engagement
user_524,112,38.37,0.12,0.11,264.64,6,0,1,0,1,Incentive offer
user_525,118,33.16,0.11,0.12,256.1,6,3,1,0,1,Incentive offer
user_526,122,34.56,0.1,0.11,261.54,6,3,1,0,1,Incentive offer
user_527,116,37.71,0.11,0.11,251.28,6,2,1,0,1,Incentive offer
user_528,121,34.84,0.09,0.12,265.41,6,3,1,0,1,Incentive offer
user_529,112,41.13,0.11,0.11,242.84,6,2,1,0,0,Maintain engagement
user_53,114,39.02,0.1,0.1,217.2,6,2,1,0,0,Maintain engagement
user_530,113,37.55,0.11,0.13,252.95,6,1,1,0,1,Incentive offer
user_531,107,43.86,0.1,0.13,245.42,6,1,1,0,0,Maintain engagement
user_532,110,43.61,0.1,0.13,242.79,6,1,1,0,0,Maintain engagement
user_533,108,44.84,0.12,0.11,267.22,6,4,1,0,0,Maintain engagement
user_534,110,42.14,0.12,0.09,289.59,6,0,1,0,0,Maintain engagement
user_535,114,36.43,0.1,0.14,246.66,6,1,1,0,1,Incentive offer
user_536,121,34.56,0.11,0.1,259.71,6,3,1,0,1,Incentive offer
user_537,119,36.24,0.1,0.13,253.32,6,1,1,0,1,Incentive offer
user_538,112,40.18,0.12,0.11,248.33,6,2,1,0,0,Maintain engagement
user_539,117,36.52,0.1,0.12,253.0,6,1,1,0,1,Incentive offer
user_54,111,39.77,0.13,0.12,273.76,6,0,1,0,0,Maintain engagement
user_540,106,44.96,0.13,0.1,238.78,6,4,1,0,0,Maintain engagement
user_541,100,50.44,0.12,0.08,259.35,6,4,-1,1,0,Behavior review
user_542,119,36.89,0.12,0.12,265.81,6,3,1,0,1,Incentive offer
user_543,108,44.14,0.1,0.12,252.31,6,4,1,0,0,Maintain engagement
user_544,117,35.63,0.13,0.11,293.41,6,0,1,0,1,Incentive offer
user_545,112,42.93,0.1,0.1,226.66,6,2,1,0,0,Maintain engagement
user_546,112,40.52,0.14,0.1,275.91,6,0,1,0,0,Maintain engagement
user_547,113,40.33,0.1,0.1,290.54,6,0,1,0,0,Maintain engagement
user_548,111,37.79,0.1,0.12,251.7,6,1,1,0,1,Incentive offer
user_549,114,41.09,0.11,0.09,218.47,6,2,1,0,0,Maintain engagement
user_55,108,42.92,0.13,0.09,276.54,6,0,1,0,0,Maintain engagement
user_550,124,33.84,0.09,0.12,253.37,6,3,1,0,1,Incentive offer
user_551,104,46.51,0.13,0.12,227.06,6,4,1,0,0,Maintain engagement
user_552,111,42.67,0.13,0.1,290.91,6,0,1,0,0,Maintain engagement
user_553,104,45.72,0.12,0.1,241.17,6,4,1,0,0,Maintain engagement
user_554,102,44.32,0.1,0.13,277.33,6,4,1,0,0,Maintain engagement
user_555,116,41.09,0.09,0.1,255.15,6,1,1,0,0,Maintain engagement
user_556,114,39.02,0.12,0.1,238.69,6,2,1,0,0,Maintain engagement
user_557,125,28.39,0.09,0.12,240.65,6,3,1,0,1,Incentive offer
user_558,105,37.91,0.12,0.08,275.63,6,0,-1,1,1,Urgent outreach
user_559,113,38.75,0.1,0.12,273.28,6,1,1,0,1,Incentive offer
user_56,109,43.7,0.13,0.1,249.38,6,0,1,0,0,Maintain engagement
user_560,105,42.91,0.11,0.12,246.83,6,4,1,0,0,Maintain engagement
user_561,113,41.27,0.1,0.1,282.01,6,0,1,0,0,Maintain engagement
user_562,115,37.89,0.12,0.12,242.05,6,2,1,0,1,Incentive offer
user_563,115,36.11,0.1,0.11,232.1,6,2,1,0,1,Incentive offer
user_564,113,39.81,0.1,0.14,231.88,6,1,1,0,0,Maintain engagement
user_565,106,43.98,0.09,0.11,291.93,6,4,1,0,0,Maintain engagement
user_566,106,41.85,0.1,0.13,209.73,6,1,1,0,0,Maintain engagement
user_567,117,36.21,0.11,0.09,269.49,6,0,1,0,1,Incentive offer
user_568,100,44.32,0.1,0.1,260.98,6,4,1,0,0,Maintain engagement
user_569,102,49.85,0.11,0.13,240.93,6,4,-1,1,0,Behavior review
user_57,119,33.51,0.11,0.11,253.76,6,3,1,0,1,Incentive offer
user_570,111,38.46,0.13,0.11,247.34,6,2,1,0,1,Incentive offer
user_571,113,39.13,0.13,0.1,254.24,6,0,1,0,0,Maintain engagement
user_572,107,45.12,0.1,0.13,265.55,6,4,1,0,0,Maintain engagement
user_573,114,39.95,0.12,0.1,253.66,6,0,1,0,0,Maintain engagement
user_574,118,36.08,0.1,0.11,258.46,6,3,1,0,1,Incentive offer
user_575,126,30.51,0.11,0.1,242.64,6,3,1,0,1,Incentive offer
user_576,117,33.45,0.08,0.1,242.55,6,3,1,0,1,Incentive offer
user_577,107,43.65,0.12,0.14,235.45,6,1,1,0,0,Maintain engagement
user_578,120,32.58,0.11,0.14,257.49,6,3,1,0,1,Incentive offer
user_579,120,34.64,0.12,0.11,260.75,6,3,1,0,1,Incentive offer
user_58,107,44.97,0.08,0.13,267.03,6,1,1,0,0,Maintain engagement
user_580,110,40.69,0.11,0.1,234.09,6,2,1,0,0,Maintain engagement
user_581,119,36.86,0.11,0.12,245.86,6,3,1,0,1,Incentive offer
user_582,119,36.4,0.1,0.11,250.06,6,3,1,0,1,Incentive offer
user_583,107,37.25,0.1,0.11,229.68,6,2,1,0,1,Incentive offer
user_584,112,39.71,0.13,0.11,263.1,6,0,1,0,0,Maintain engagement
user_585,127,30.88,0.1,0.09,231.94,6,3,-1,1,1,Urgent outreach
user_586,104,43.74,0.1,0.13,248.67,6,4,1,0,0,Maintain engagement
user_587,106,43.39,0.12,0.11,290.24,6,0,1,0,0,Maintain engagement
user_588,98,49.99,0.11,0.13,262.24,6,4,-1,1,0,Behavior review
user_589,118,37.16,0.11,0.12,205.12,6,2,1,0,1,Incentive offer
user_59,117,37.15,0.11,0.1,258.23,6,0,1,0,1,Incentive offer
user_590,110,40.77,0.11,0.13,249.41,6,1,1,0,0,Maintain engagement
user_591,119,35.01,0.1,0.12,272.69,6,3,1,0,1,Incentive offer
user_592,116,39.02,0.1,0.14,279.11,6,1,1,0,0,Maintain engagement
user_593,118,35.08,0.11,0.1,260.46,6,3,1,0,1,Incentive offer
user_594,114,34.98,0.1,0.11,279.98,6,0,1,0,1,Incentive offer
user_595,121,31.63,0.11,0.12,253.83,6,3,1,0,1,Incentive offer
user_596,122,34.33,0.14,0.09,224.78,6,2,-1,1,1,Urgent outreach
user_597,117,35.81,0.09,0.12,247.41,6,1,1,0,1,Incentive offer
user_598,119,33.14,0.1,0.09,263.88,6,3,1,0,1,Incentive offer
user_599,115,38.5,0.12,0.11,262.6,6,0,1,0,1,Incentive offer
user_6,120,35.24,0.09,0.09,262.13,6,3,1,0,1,Incentive offer
user_60,113,35.81,0.11,0.1,256.29,6,0,1,0,1,Incentive offer
user_600,133,27.39,0.14,0.09,254.85,6,3,-1,1,1,Urgent outreach
user_601,112,39.59,0.09,0.11,234.01,6,1,1,0,0,Maintain engagement
user_602,112,40.1,0.11,0.14,280.79,6,1,1,0,0,Maintain engagement
user_603,117,34.77,0.1,0.11,244.2,6,3,1,0,1,Incentive offer
user_604,111,40.01,0.11,0.12,258.47,6,1,1,0,0,Maintain engagement
user_605,101,49.14,0.12,0.11,244.44,6,4,1,0,0,Maintain engagement
user_606,115,36.09,0.12,0.09,235.27,6,2,1,0,1,Incentive offer
user_607,109,43.55,0.11,0.12,270.96,6,4,1,0,0,Maintain engagement
user_608,121,36.02,0.15,0.11,211.11,6,2,-1,1,1,Urgent outreach
user_609,119,35.04,0.1,0.11,232.09,6,3,1,0,1,Incentive offer
user_61,110,40.33,0.1,0.11,231.48,6,2,1,0,0,Maintain engagement
user_610,117,36.01,0.13,0.14,267.72,6,1,1,0,1,Incentive offer
user_611,114,39.16,0.09,0.11,257.76,6,1,1,0,0,Maintain engagement
user_612,115,38.6,0.11,0.1,242.73,6,2,1,0,1,Incentive offer
user_613,117,37.5,0.11,0.1,307.5,6,0,1,0,1,Incentive offer
user_614,115,38.95,0.09,0.09,271.11,6,0,1,0,0,Maintain engagement
user_615,103,45.37,0.13,0.12,282.99,6,4,1,0,0,Maintain engagement
user_616,106,42.83,0.09,0.1,256.07,6,4,1,0,0,Maintain engagement
user_617,113,41.2,0.12,0.13,255.56,6,1,1,0,0,Maintain engagement
user_618,112,39.91,0.11,0.13,228.21,6,1,1,0,0,Maintain engagement
user_619,123,34.71,0.12,0.1,275.25,6,3,1,0,1,Incentive offer
user_62,112,41.86,0.12,0.11,260.36,6,0,1,0,0,Maintain engagement
user_620,123,30.88,0.12,0.12,243.9,6,3,1,0,1,Incentive offer
user_621,118,37.95,0.11,0.13,242.78,6,1,1,0,1,Incentive offer
user_622,109,42.54,0.08,0.1,269.94,6,4,1,0,0,Maintain engagement
user_623,116,38.26,0.13,0.11,298.42,6,0,1,0,1,Incentive offer
user_624,112,40.19,0.11,0.1,266.87,6,0,1,0,0,Maintain engagement
user_625,114,38.66,0.1,0.11,284.64,6,0,1,0,1,Incentive offer
user_626,106,44.58,0.11,0.13,267.3,6,4,1,0,0,Maintain engagement
user_627,124,33.7,0.11,0.12,250.0,6,3,1,0,1,Incentive offer
user_628,110,38.76,0.14,0.12,247.01,6,0,1,0,0,Maintain engagement
user_629,119,36.13,0.11,0.11,215.07,6,2,1,0,1,Incentive offer
user_63,118,34.85,0.1,0.11,249.79,6,3,1,0,1,Incentive offer
user_630,116,37.22,0.1,0.12,265.91,6,1,1,0,1,Incentive offer
user_631,129,29.43,0.12,0.12,224.98,6,3,-1,1,1,Urgent outreach
user_632,118,31.7,0.11,0.1,267.14,6,3,1,0,1,Incentive offer
user_633,105,45.65,0.11,0.14,293.25,6,4,-1,1,0,Behavior review
user_634,110,41.98,0.1,0.09,268.27,6,0,1,0,0,Maintain engagement
user_635,112,40.06,0.11,0.14,270.33,6,1,1,0,0,Maintain engagement
user_636,130,28.35,0.1,0.12,261.39,6,3,1,0,1,Incentive offer
user_637,106,45.16,0.12,0.12,209.46,6,2,1,0,0,Maintain engagement
user_638,109,46.39,0.1,0.11,271.47,6,4,1,0,0,Maintain engagement
user_639,113,39.03,0.1,0.1,230.3,6,2,1,0,0,Maintain engagement
user_64,116,37.18,0.1,0.11,213.8,6,2,1,0,1,Incentive offer
user_640,115,41.26,0.11,0.13,244.22,6,1,1,0,0,Maintain engagement
user_641,134,28.39,0.07,0.12,263.01,6,3,-1,1,1,Urgent outreach
user_642,123,38.15,0.11,0.1,221.0,6,2,1,0,1,Incentive offer
user_643,113,38.65,0.11,0.12,255.13,6,1,1,0,1,Incentive offer
user_644,106,45.27,0.11,0.11,241.12,6,4,1,0,0,Maintain engagement
user_645,111,37.19,0.08,0.09,268.76,6,0,1,0,1,Incentive offer
user_646,107,44.34,0.09,0.11,253.99,6,4,1,0,0,Maintain engagement
user_647,115,38.06,0.12,0.12,254.1,6,1,1,0,1,Incentive offer
user_648,112,39.36,0.1,0.08,268.13,6,0,1,0,0,Maintain engagement
user_649,117,37.02,0.1,0.11,200.68,6,2,1,0,1,Incentive offer
user_65,115,37.83,0.09,0.1,261.1,6,1,1,0,1,Incentive offer
user_650,115,37.83,0.1,0.13,246.11,6,1,1,0,1,Incentive offer
user_651,120,38.84,0.13,0.11,243.97,6,2,1,0,0,Maintain engagement
user_652,123,33.48,0.11,0.11,267.07,6,3,1,0,1,Incentive offer
user_653,123,35.11,0.14,0.1,256.58,6,3,1,0,1,Incentive offer
user_654,108,41.18,0.12,0.1,269.49,6,0,1,0,0,Maintain engagement
user_655,113,36.37,0.1,0.11,224.12,6,2,1,0,1,Incentive offer
user_656,114,40.64,0.12,0.11,257.1,6,0,1,0,0,Maintain engagement
user_657,98,50.77,0.12,0.1,227.75,6,4,-1,1,0,Behavior review
user_658,115,40.16,0.1,0.11,256.19,6,1,1,0,0,Maintain engagement
user_659,110,39.46,0.14,0.1,273.0,6,0,1,0,0,Maintain engagement
user_66,114,42.07,0.11,0.14,216.97,6,1,1,0,0,Maintain engagement
user_660,111,42.64,0.11,0.12,275.04,6,0,1,0,0,Maintain engagement
user_661,112,40.05,0.11,0.13,246.36,6,1,1,0,0,Maintain engagement
user_662,119,34.6,0.1,0.13,253.0,6,1,1,0,1,Incentive offer
user_663,114,37.12,0.11,0.09,258.21,6,0,1,0,1,Incentive offer
user_664,113,40.34,0.11,0.14,223.38,6,1,1,0,0,Maintain engagement
user_665,108,43.3,0.08,0.11,277.57,6,4,1,0,0,Maintain engagement
user_666,113,39.29,0.1,0.11,260.11,6,1,1,0,0,Maintain engagement
user_667,116,34.36,0.09,0.11,248.79,6,3,1,0,1,Incentive offer
user_668,107,41.13,0.11,0.13,260.36,6,1,1,0,0,Maintain engagement
user_669,111,41.47,0.11,0.12,239.7,6,1,1,0,0,Maintain engagement
user_67,117,37.04,0.12,0.1,250.85,6,2,1,0,1,Incentive offer
user_670,125,33.79,0.12,0.12,234.83,6,3,1,0,1,Incentive offer
user_671,113,39.76,0.12,0.12,209.54,6,2,1,0,0,Maintain engagement
user_672,110,41.07,0.11,0.11,287.7,6,0,1,0,0,Maintain engagement
user_673,119,35.89,0.12,0.12,232.56,6,2,1,0,1,Incentive offer
user_674,115,39.28,0.11,0.1,245.28,6,2,1,0,0,Maintain engagement
user_675,114,39.42,0.14,0.12,276.86,6,0,1,0,0,Maintain engagement
user_676,121,34.89,0.12,0.12,256.8,6,3,1,0,1,Incentive offer
user_677,118,35.38,0.1,0.11,292.29,6,3,1,0,1,Incentive offer
user_678,110,42.97,0.11,0.13,257.39,6,1,1,0,0,Maintain engagement
user_679,117,36.79,0.13,0.08,245.47,6,2,1,0,1,Incentive offer
user_68,112,39.35,0.1,0.11,247.96,6,1,1,0,0,Maintain engagement
user_680,114,38.64,0.13,0.11,245.36,6,2,1,0,1,Incentive offer
user_681,115,37.53,0.11,0.13,261.49,6,1,1,0,1,Incentive offer
user_682,102,46.08,0.12,0.12,283.83,6,4,1,0,0,Maintain engagement
user_683,106,44.11,0.09,0.11,256.78,6,4,1,0,0,Maintain engagement
user_684,118,39.11,0.11,0.09,272.2,6,0,1,0,0,Maintain engagement
user_685,114,36.05,0.11,0.09,248.43,6,2,1,0,1,Incentive offer
user_686,114,38.17,0.12,0.11,243.9,6,2,1,0,1,Incentive offer
user_687,105,43.84,0.13,0.13,264.06,6,4,1,0,0,Maintain engagement
user_688,127,30.32,0.11,0.11,230.62,6,3,1,0,1,Incentive offer
user_689,112,38.23,0.13,0.11,190.98,6,2,-1,1,1,Urgent outreach
user_69,110,41.39,0.09,0.13,231.46,6,1,1,0,0,Maintain engagement
user_690,114,37.34,0.1,0.12,268.97,6,1,1,0,1,Incentive offer
user_691,111,39.9,0.09,0.13,262.33,6,1,1,0,0,Maintain engagement
user_692,100,49.32,0.1,0.11,294.59,6,4,-1,1,0,Behavior review
user_693,117,35.93,0.12,0.11,235.02,6,2,1,0,1,Incentive offer
user_694,117,38.06,0.09,0.09,236.63,6,2,1,0,1,Incentive offer
user_695,109,37.76,0.11,0.12,279.86,6,0,1,0,1,Incentive offer
user_696,112,39.6,0.1,0.08,257.86,6,0,1,0,0,Maintain engagement
user_697,120,35.85,0.09,0.14,261.93,6,1,1,0,1,Incentive offer
user_698,125,34.66,0.11,0.12,257.13,6,3,1,0,1,Incentive offer
user_699,114,38.12,0.08,0.13,255.11,6,1,1,0,1,Incentive offer
user_7,110,42.66,0.13,0.1,248.37,6,0,1,0,0,Maintain engagement
user_70,114,39.28,0.09,0.1,246.51,6,2,1,0,0,Maintain engagement
user_700,116,39.53,0.12,0.1,247.08,6,2,1,0,0,Maintain engagement
user_701,110,45.06,0.11,0.13,273.44,6,4,1,0,0,Maintain engagement
user_702,115,39.75,0.1,0.11,270.82,6,1,1,0,0,Maintain engagement
user_703,109,41.74,0.13,0.12,247.13,6,0,1,0,0,Maintain engagement
user_704,116,37.01,0.12,0.08,229.56,6,2,1,0,1,Incentive offer
user_705,120,35.78,0.11,0.09,227.5,6,2,1,0,1,Incentive offer
user_706,114,40.22,0.11,0.1,253.57,6,0,1,0,0,Maintain engagement
user_707,112,37.66,0.09,0.12,252.45,6,1,1,0,1,Incentive offer
user_708,115,36.1,0.12,0.09,265.47,6,0,1,0,1,Incentive offer
user_709,116,36.49,0.11,0.11,235.84,6,2,1,0,1,Incentive offer
user_71,107,41.98,0.13,0.09,293.7,6,0,1,0,0,Maintain engagement
user_710,106,45.41,0.13,0.1,259.36,6,4,1,0,0,Maintain engagement
user_711,115,37.42,0.08,0.11,248.72,6,1,1,0,1,Incentive offer
user_712,104,44.99,0.11,0.12,315.83,6,4,1,0,0,Maintain engagement
user_713,109,45.19,0.1,0.12,262.27,6,4,1,0,0,Maintain engagement
user_714,117,34.21,0.11,0.13,277.05,6,3,1,0,1,Incentive offer
user_715,113,40.29,0.09,0.12,304.25,6,1,1,0,0,Maintain engagement
user_716,111,38.72,0.11,0.11,233.58,6,2,1,0,1,Incentive offer
user_717,115,37.88,0.09,0.1,268.51,6,1,1,0,1,Incentive offer
user_718,113,41.86,0.13,0.1,235.46,6,2,1,0,0,Maintain engagement
user_719,114,35.71,0.12,0.11,225.01,6,2,1,0,1,Incentive offer
user_72,118,34.44,0.1,0.1,252.64,6,3,1,0,1,Incentive offer
user_720,109,42.48,0.12,0.1,229.02,6,2,1,0,0,Maintain engagement
user_721,108,45.03,0.11,0.12,259.08,6,4,1,0,0,Maintain engagement
user_722,118,37.91,0.1,0.14,227.52,6,1,1,0,1,Incentive offer
user_723,124,31.26,0.12,0.11,235.6,6,3,1,0,1,Incentive offer
user_724,119,33.76,0.1,0.15,257.21,6,1,1,0,1,Incentive offer
user_725,112,37.69,0.11,0.09,252.87,6,2,1,0,1,Incentive offer
user_726,124,33.54,0.13,0.13,252.79,6,3,1,0,1,Incentive offer
user_727,113,40.23,0.12,0.11,244.92,6,2,1,0,0,Maintain engagement
user_728,96,54.63,0.12,0.1,259.87,6,4,-1,1,0,Behavior review
user_729,113,36.51,0.12,0.11,262.98,6,0,1,0,1,Incentive offer
user_73,117,33.65,0.11,0.1,244.49,6,3,1,0,1,Incentive offer
user_730,109,43.91,0.12,0.09,210.88,6,2,1,0,0,Maintain engagement
user_731,115,37.51,0.11,0.1,279.34,6,0,1,0,1,Incentive offer
user_732,115,37.37,0.12,0.1,275.96,6,0,1,0,1,Incentive offer
user_733,105,47.34,0.12,0.11,246.87,6,4,1,0,0,Maintain engagement
user_734,108,41.62,0.1,0.12,265.56,6,1,1,0,0,Maintain engagement
user_735,121,33.48,0.08,0.13,248.73,6,1,1,0,1,Incentive offer
user_736,110,43.69,0.1,0.1,245.28,6,4,1,0,0,Maintain engagement
user_737,117,35.2,0.09,0.1,255.05,6,3,1,0,1,Incentive offer
user_738,115,38.96,0.1,0.1,252.3,6,2,1,0,0,Maintain engagement
user_739,115,37.14,0.12,0.1,247.06,6,2,1,0,1,Incentive offer
user_74,116,36.02,0.08,0.11,264.04,6,1,1,0,1,Incentive offer
user_740,110,42.67,0.1,0.1,289.94,6,0,1,0,0,Maintain engagement
user_741,128,29.28,0.08,0.11,265.82,6,3,-1,1,1,Urgent outreach
user_742,126,30.54,0.11,0.11,250.85,6,3,1,0,1,Incentive offer
user_743,111,39.33,0.09,0.12,254.35,6,1,1,0,0,Maintain engagement
user_744,119,36.52,0.11,0.12,250.53,6,3,1,0,1,Incentive offer
user_745,113,39.06,0.13,0.11,255.15,6,0,1,0,0,Maintain engagement
user_746,119,36.1,0.08,0.13,259.82,6,1,1,0,1,Incentive offer
user_747,106,43.22,0.12,0.12,282.29,6,4,1,0,0,Maintain engagement
user_748,103,48.18,0.11,0.1,252.5,6,4,1,0,0,Maintain engagement
user_749,114,39.48,0.13,0.13,241.1,6,1,1,0,0,Maintain engagement
user_75,114,37.4,0.09,0.13,235.06,6,1,1,0,1,Incentive offer
user_750,115,37.42,0.12,0.13,264.52,6,1,1,0,1,Incentive offer
user_751,109,40.9,0.12,0.13,248.83,6,1,1,0,0,Maintain engagement
user_752,113,40.31,0.1,0.13,247.21,6,1,1,0,0,Maintain engagement
user_753,119,37.08,0.11,0.12,248.32,6,3,1,0,1,Incentive offer
user_754,123,32.03,0.1,0.1,228.17,6,3,1,0,1,Incentive offer
user_755,118,36.68,0.08,0.12,233.02,6,1,1,0,1,Incentive offer
user_756,121,34.72,0.12,0.1,275.13,6,3,1,0,1,Incentive offer
user_757,112,40.52,0.12,0.09,240.46,6,2,1,0,0,Maintain engagement
user_758,113,37.4,0.13,0.1,238.06,6,2,1,0,1,Incentive offer
user_759,109,42.46,0.12,0.1,216.28,6,2,1,0,0,Maintain engagement
user_76,117,34.42,0.12,0.11,234.74,6,2,1,0,1,Incentive offer
user_760,110,42.12,0.11,0.12,239.04,6,1,1,0,0,Maintain engagement
user_761,117,39.06,0.12,0.12,259.45,6,0,1,0,0,Maintain engagement
user_762,115,41.39,0.1,0.11,242.09,6,1,1,0,0,Maintain engagement
user_763,107,41.49,0.11,0.09,257.87,6,0,1,0,0,Maintain engagement
user_764,111,40.83,0.1,0.13,229.57,6,1,1,0,0,Maintain engagement
user_765,106,46.71,0.11,0.09,259.34,6,4,1,0,0,Maintain engagement
user_766,115,40.5,0.13,0.11,278.14,6,0,1,0,0,Maintain engagement
user_767,119,36.32,0.11,0.12,232.02,6,3,1,0,1,Incentive offer
user_768,112,41.18,0.1,0.1,229.76,6,2,1,0,0,Maintain engagement
user_769,113,40.37,0.12,0.11,227.65,6,2,1,0,0,Maintain engagement
user_77,115,36.19,0.11,0.11,234.16,6,2,1,0,1,Incentive offer
user_770,118,34.63,0.12,0.13,272.55,6,3,1,0,1,Incentive offer
user_771,113,39.52,0.09,0.11,261.01,6,1,1,0,0,Maintain engagement
user_772,114,39.15,0.1,0.12,261.45,6,1,1,0,0,Maintain engagement
user_773,115,36.44,0.11,0.12,280.38,6,0,1,0,1,Incentive offer
user_774,121,34.76,0.11,0.11,252.98,6,3,1,0,1,Incentive offer
user_775,108,39.71,0.1,0.13,241.95,6,1,1,0,0,Maintain engagement
user_776,117,35.21,0.13,0.12,244.07,6,3,1,0,1,Incentive offer
user_777,119,36.03,0.12,0.12,260.58,6,3,1,0,1,Incentive offer
user_778,112,40.45,0.12,0.12,280.3,6,0,1,0,0,Maintain engagement
user_779,113,38.33,0.11,0.11,243.31,6,2,1,0,1,Incentive offer
user_78,117,36.08,0.12,0.12,268.13,6,3,1,0,1,Incentive offer
user_780,109,40.35,0.11,0.13,228.22,6,1,1,0,0,Maintain engagement
user_781,121,34.09,0.1,0.09,206.99,6,2,1,0,1,Incentive offer
user_782,118,38.38,0.14,0.11,249.12,6,0,1,0,1,Incentive offer
user_783,117,36.03,0.12,0.1,277.55,6,0,1,0,1,Incentive offer
user_784,111,40.8,0.1,0.12,278.83,6,1,1,0,0,Maintain engagement
user_785,111,40.16,0.1,0.12,260.06,6,1,1,0,0,Maintain engagement
user_786,111,43.12,0.12,0.11,237.66,6,2,1,0,0,Maintain engagement
user_787,111,39.72,0.12,0.13,243.16,6,1,1,0,0,Maintain engagement
user_788,128,29.94,0.1,0.11,246.22,6,3,1,0,1,Incentive offer
user_789,102,45.3,0.08,0.15,210.55,6,1,-1,1,0,Behavior review
user_79,101,45.82,0.12,0.11,269.03,6,4,1,0,0,Maintain engagement
user_790,121,33.95,0.12,0.12,237.14,6,3,1,0,1,Incentive offer
user_791,115,38.26,0.11,0.11,229.69,6,2,1,0,1,Incentive offer
user_792,116,38.63,0.13,0.09,224.31,6,2,1,0,1,Incentive offer
user_793,113,40.03,0.1,0.1,222.99,6,2,1,0,0,Maintain engagement
user_794,115,36.03,0.1,0.11,240.7,6,2,1,0,1,Incentive offer
user_795,114,36.23,0.08,0.11,249.84,6,1,1,0,1,Incentive offer
user_796,114,39.14,0.13,0.1,229.42,6,2,1,0,0,Maintain engagement
user_797,122,30.97,0.09,0.12,267.09,6,3,1,0,1,Incentive offer
user_798,115,36.51,0.1,0.1,222.03,6,2,1,0,1,Incentive offer
user_799,106,42.66,0.1,0.11,283.98,6,4,1,0,0,Maintain engagement
user_8,113,40.01,0.15,0.11,269.8,6,0,1,0,0,Maintain engagement
user_80,126,29.79,0.11,0.12,225.05,6,3,1,0,1,Incentive offer
user_800,114,38.25,0.11,0.11,271.67,6,0,1,0,1,Incentive offer
user_801,117,38.37,0.11,0.11,264.13,6,0,1,0,1,Incentive offer
user_802,121,31.55,0.12,0.12,280.94,6,3,1,0,1,Incentive offer
user_803,121,31.76,0.12,0.1,279.75,6,3,1,0,1,Incentive offer
user_804,113,39.11,0.12,0.11,275.38,6,0,1,0,0,Maintain engagement
user_805,115,38.63,0.1,0.12,262.39,6,1,1,0,1,Incentive offer
user_806,121,34.27,0.11,0.13,241.6,6,3,1,0,1,Incentive offer
user_807,114,38.53,0.11,0.12,228.49,6,2,1,0,1,Incentive offer
user_808,106,43.7,0.1,0.11,255.97,6,4,1,0,0,Maintain engagement
user_809,108,42.66,0.11,0.13,258.21,6,1,1,0,0,Maintain engagement
user_81,120,37.46,0.11,0.11,270.43,6,3,1,0,1,Incentive offer
user_810,107,42.32,0.11,0.14,251.13,6,1,1,0,0,Maintain engagement
user_811,114,38.44,0.1,0.12,251.63,6,1,1,0,1,Incentive offer
user_812,114,38.33,0.1,0.12,253.87,6,1,1,0,1,Incentive offer
user_813,117,38.05,0.12,0.12,236.11,6,2,1,0,1,Incentive offer
user_814,124,32.41,0.12,0.1,244.65,6,3,1,0,1,Incentive offer
user_815,114,38.15,0.11,0.1,246.39,6,2,1,0,1,Incentive offer
user_816,114,39.96,0.11,0.12,282.21,6,0,1,0,0,Maintain engagement
user_817,109,41.43,0.11,0.09,247.52,6,2,1,0,0,Maintain engagement
user_818,107,39.82,0.11,0.1,274.14,6,0,1,0,0,Maintain engagement
user_819,111,39.11,0.11,0.12,262.15,6,1,1,0,0,Maintain engagement
user_82,130,27.83,0.11,0.1,279.83,6,3,-1,1,1,Urgent outreach
user_820,105,46.26,0.12,0.1,234.66,6,4,1,0,0,Maintain engagement
user_821,100,51.73,0.1,0.13,266.12,6,4,-1,1,0,Behavior review
user_822,107,42.8,0.12,0.1,262.77,6,0,1,0,0,Maintain engagement
user_823,122,37.39,0.11,0.14,234.03,6,1,1,0,1,Incentive offer
user_824,116,35.51,0.12,0.1,236.97,6,2,1,0,1,Incentive offer
user_825,111,41.21,0.13,0.1,262.27,6,0,1,0,0,Maintain engagement
user_826,111,36.36,0.1,0.13,230.37,6,1,1,0,1,Incentive offer
user_827,100,51.94,0.12,0.1,225.29,6,4,-1,1,0,Behavior review
user_828,125,29.61,0.11,0.11,234.4,6,3,1,0,1,Incentive offer
user_829,115,39.84,0.12,0.12,251.42,6,1,1,0,0,Maintain engagement
user_83,110,44.22,0.12,0.1,234.77,6,2,1,0,0,Maintain engagement
user_830,113,39.66,0.13,0.09,256.55,6,0,1,0,0,Maintain engagement
user_831,120,32.27,0.1,0.13,263.16,6,3,1,0,1,Incentive offer
user_832,110,43.23,0.11,0.1,277.18,6,0,1,0,0,Maintain engagement
user_833,123,32.53,0.1,0.11,235.92,6,3,1,0,1,Incentive offer
user_834,114,39.49,0.13,0.09,287.86,6,0,1,0,0,Maintain engagement
user_835,121,29.96,0.1,0.1,234.51,6,3,1,0,1,Incentive offer
user_836,118,37.63,0.14,0.12,263.47,6,0,1,0,1,Incentive offer
user_837,120,33.95,0.13,0.11,209.28,6,2,1,0,1,Incentive offer
user_838,112,37.6,0.09,0.11,280.76,6,1,1,0,1,Incentive offer
user_839,120,35.24,0.11,0.09,257.8,6,3,1,0,1,Incentive offer
user_84,120,38.16,0.15,0.09,185.16,6,2,-1,1,1,Urgent outreach
user_840,116,35.74,0.11,0.11,215.82,6,2,1,0,1,Incentive offer
user_841,126,29.87,0.09,0.11,260.58,6,3,1,0,1,Incentive offer
user_842,104,43.07,0.12,0.08,247.9,6,4,1,0,0,Maintain engagement
user_843,109,41.13,0.12,0.09,298.0,6,0,1,0,0,Maintain engagement
user_844,117,33.79,0.12,0.14,245.32,6,1,1,0,1,Incentive offer
user_845,113,40.81,0.1,0.13,267.24,6,1,1,0,0,Maintain engagement
user_846,113,37.9,0.13,0.11,219.48,6,2,1,0,1,Incentive offer
user_847,115,39.8,0.13,0.09,221.06,6,2,1,0,0,Maintain engagement
user_848,113,34.88,0.13,0.11,243.09,6,2,1,0,1,Incentive offer
user_849,112,39.3,0.12,0.09,277.18,6,0,1,0,0,Maintain engagement
user_85,118,37.77,0.1,0.08,285.14,6,0,-1,1,1,Urgent outreach
user_850,109,43.21,0.14,0.11,255.35,6,0,1,0,0,Maintain engagement
user_851,112,38.32,0.12,0.1,239.71,6,2,1,0,1,Incentive offer
user_852,116,38.91,0.11,0.1,226.58,6,2,1,0,0,Maintain engagement
user_853,112,39.58,0.12,0.11,242.86,6,2,1,0,0,Maintain engagement
user_854,115,35.9,0.11,0.12,205.07,6,2,1,0,1,Incentive offer
user_855,129,29.72,0.11,0.12,247.86,6,3,1,0,1,Incentive offer
user_856,125,35.15,0.1,0.11,263.22,6,3,1,0,1,Incentive offer
user_857,124,28.4,0.12,0.14,265.54,6,3,-1,1,1,Urgent outreach
user_858,117,36.05,0.11,0.09,272.78,6,0,1,0,1,Incentive offer
user_859,108,43.05,0.1,0.13,255.32,6,1,1,0,0,Maintain engagement
user_86,110,41.11,0.08,0.11,227.97,6,1,1,0,0,Maintain engagement
user_860,121,33.34,0.1,0.12,252.74,6,3,1,0,1,Incentive offer
user_861,116,37.3,0.13,0.11,229.42,6,2,1,0,1,Incentive offer
user_862,119,37.03,0.11,0.11,243.16,6,3,1,0,1,Incentive offer
user_863,107,41.91,0.11,0.13,271.87,6,1,1,0,0,Maintain engagement
user_864,106,44.58,0.11,0.12,225.56,6,4,1,0,0,Maintain engagement
user_865,116,38.55,0.12,0.14,269.87,6,1,1,0,1,Incentive offer
user_866,112,36.14,0.09,0.12,252.03,6,1,1,0,1,Incentive offer
user_867,117,36.63,0.11,0.13,255.0,6,1,1,0,1,Incentive offer
user_868,116,33.08,0.11,0.12,277.17,6,3,1,0,1,Incentive offer
user_869,120,37.19,0.11,0.12,253.25,6,3,1,0,1,Incentive offer
user_87,110,39.58,0.09,0.09,198.77,6,2,-1,1,0,Behavior review
user_870,107,44.62,0.09,0.1,248.67,6,4,1,0,0,Maintain engagement
user_871,121,34.96,0.13,0.11,229.57,6,2,1,0,1,Incentive offer
user_872,100,46.4,0.11,0.11,218.45,6,4,1,0,0,Maintain engagement
user_873,124,35.85,0.13,0.12,282.72,6,3,1,0,1,Incentive offer
user_874,109,41.37,0.11,0.11,250.39,6,4,1,0,0,Maintain engagement
user_875,110,41.5,0.12,0.12,238.84,6,2,1,0,0,Maintain engagement
user_876,112,42.3,0.1,0.1,246.15,6,2,1,0,0,Maintain engagement
user_877,112,38.77,0.14,0.11,237.53,6,2,1,0,0,Maintain engagement
user_878,115,35.74,0.11,0.13,245.8,6,1,1,0,1,Incentive offer
user_879,107,44.9,0.09,0.11,241.72,6,4,1,0,0,Maintain engagement
user_88,124,30.46,0.1,0.11,233.34,6,3,1,0,1,Incentive offer
user_880,117,34.45,0.13,0.11,267.41,6,0,1,0,1,Incentive offer
user_881,121,32.92,0.12,0.1,253.43,6,3,1,0,1,Incentive offer
user_882,108,40.34,0.11,0.08,239.49,6,2,1,0,0,Maintain engagement
user_883,115,37.9,0.12,0.1,245.09,6,2,1,0,1,Incentive offer
user_884,115,40.17,0.12,0.11,282.93,6,0,1,0,0,Maintain engagement
user_885,104,45.5,0.13,0.12,247.76,6,4,1,0,0,Maintain engagement
user_886,121,34.23,0.11,0.1,234.94,6,3,1,0,1,Incentive offer
user_887,116,38.7,0.09,0.12,255.04,6,1,1,0,1,Incentive offer
user_888,121,36.4,0.12,0.13,279.27,6,3,1,0,1,Incentive offer
user_889,104,47.87,0.08,0.12,237.75,6,4,-1,1,0,Behavior review
user_89,99,51.2,0.11,0.13,268.44,6,4,-1,1,0,Behavior review
user_890,112,36.36,0.11,0.11,244.62,6,2,1,0,1,Incentive offer
user_891,103,42.9,0.12,0.13,265.75,6,4,1,0,0,Maintain engagement
user_892,108,42.06,0.13,0.12,265.87,6,0,1,0,0,Maintain engagement
user_893,107,44.32,0.1,0.1,232.22,6,4,1,0,0,Maintain engagement
user_894,114,38.23,0.12,0.11,245.06,6,2,1,0,1,Incentive offer
user_895,111,41.2,0.12,0.13,267.16,6,1,1,0,0,Maintain engagement
user_896,114,39.23,0.13,0.12,224.61,6,2,1,0,0,Maintain engagement
user_897,109,40.66,0.12,0.1,238.82,6,2,1,0,0,Maintain engagement
user_898,114,36.12,0.12,0.11,248.2,6,2,1,0,1,Incentive offer
user_899,115,38.8,0.09,0.12,266.06,6,1,1,0,0,Maintain engagement
user_9,110,42.6,0.09,0.14,238.96,6,1,1,0,0,Maintain engagement
user_90,123,31.85,0.09,0.11,240.39,6,3,1,0,1,Incentive offer
user_900,106,43.15,0.11,0.11,264.37,6,4,1,0,0,Maintain engagement
user_901,125,32.11,0.11,0.12,269.49,6,3,1,0,1,Incentive offer
user_902,113,40.26,0.11,0.1,268.3,6,0,1,0,0,Maintain engagement
user_903,110,42.52,0.1,0.13,266.9,6,1,1,0,0,Maintain engagement
user_904,121,33.7,0.1,0.14,227.73,6,1,1,0,1,Incentive offer
user_905,113,37.93,0.11,0.13,263.82,6,1,1,0,1,Incentive offer
user_906,114,39.26,0.11,0.12,233.87,6,1,1,0,0,Maintain engagement
user_907,110,41.31,0.13,0.1,239.28,6,2,1,0,0,Maintain engagement
user_908,111,40.63,0.09,0.13,248.4,6,1,1,0,0,Maintain engagement
user_909,106,45.97,0.12,0.09,238.11,6,4,1,0,0,Maintain engagement
user_91,120,31.3,0.1,0.11,247.12,6,3,1,0,1,Incentive offer
user_910,105,49.47,0.11,0.12,246.82,6,4,1,0,0,Maintain engagement
user_911,116,39.21,0.11,0.13,238.35,6,1,1,0,0,Maintain engagement
user_912,114,38.72,0.11,0.11,267.74,6,0,1,0,1,Incentive offer
user_913,122,32.87,0.13,0.13,235.83,6,3,1,0,1,Incentive offer
user_914,118,36.73,0.12,0.1,246.92,6,2,1,0,1,Incentive offer
user_915,114,39.69,0.12,0.11,243.86,6,2,1,0,0,Maintain engagement
user_916,110,41.57,0.1,0.1,227.44,6,2,1,0,0,Maintain engagement
user_917,108,43.93,0.11,0.08,221.99,6,2,1,0,0,Maintain engagement
user_918,107,41.09,0.12,0.12,241.94,6,4,1,0,0,Maintain engagement
user_919,110,39.18,0.11,0.13,258.88,6,1,1,0,0,Maintain engagement
user_92,121,33.55,0.11,0.12,236.53,6,3,1,0,1,Incentive offer
user_920,117,34.45,0.11,0.13,227.5,6,1,1,0,1,Incentive offer
user_921,106,47.9,0.1,0.11,226.37,6,4,1,0,0,Maintain engagement
user_922,111,41.16,0.1,0.12,261.87,6,1,1,0,0,Maintain engagement
user_923,122,34.87,0.09,0.11,230.35,6,3,1,0,1,Incentive offer
user_924,130,31.22,0.12,0.13,221.66,6,3,-1,1,1,Urgent outreach
user_925,116,38.17,0.11,0.09,253.1,6,2,1,0,1,Incentive offer
user_926,112,37.58,0.13,0.11,246.97,6,2,1,0,1,Incentive offer
user_927,118,35.77,0.12,0.1,215.8,6,2,1,0,1,Incentive offer
user_928,120,36.59,0.09,0.12,242.41,6,1,1,0,1,Incentive offer
user_929,121,33.8,0.11,0.1,232.47,6,3,1,0,1,Incentive offer
user_93,114,40.06,0.1,0.12,260.74,6,1,1,0,0,Maintain engagement
user_930,114,38.54,0.09,0.11,247.38,6,1,1,0,1,Incentive offer
user_931,114,37.52,0.09,0.11,273.47,6,1,1,0,1,Incentive offer
user_932,114,38.78,0.11,0.12,258.37,6,1,1,0,0,Maintain engagement
user_933,111,42.02,0.14,0.09,263.46,6,0,1,0,0,Maintain engagement
user_934,121,34.0,0.1,0.11,274.12,6,3,1,0,1,Incentive offer
user_935,112,40.62,0.12,0.09,271.88,6,0,1,0,0,Maintain engagement
user_936,125,34.44,0.14,0.12,274.51,6,3,1,0,1,Incentive offer
user_937,107,40.92,0.12,0.1,261.03,6,0,1,0,0,Maintain engagement
user_938,108,42.83,0.12,0.11,266.54,6,0,1,0,0,Maintain engagement
user_939,110,41.15,0.13,0.11,241.42,6,2,1,0,0,Maintain engagement
user_94,121,30.41,0.12,0.12,237.84,6,3,1,0,1,Incentive offer
user_940,108,41.01,0.12,0.1,296.41,6,0,1,0,0,Maintain engagement
user_941,102,47.97,0.13,0.1,252.79,6,4,1,0,0,Maintain engagement
user_942,126,32.33,0.13,0.12,231.58,6,3,1,0,1,Incentive offer
user_943,114,37.63,0.11,0.1,238.28,6,2,1,0,1,Incentive offer
user_944,108,43.76,0.1,0.09,246.29,6,4,1,0,0,Maintain engagement
user_945,119,37.11,0.12,0.11,255.91,6,3,1,0,1,Incentive offer
user_946,123,33.12,0.12,0.12,237.67,6,3,1,0,1,Incentive offer
user_947,125,31.72,0.1,0.13,245.19,6,3,1,0,1,Incentive offer
user_948,112,40.71,0.1,0.11,262.94,6,1,1,0,0,Maintain engagement
user_949,105,45.24,0.12,0.11,276.46,6,4,1,0,0,Maintain engagement
user_95,109,40.85,0.12,0.12,233.76,6,2,1,0,0,Maintain engagement
user_950,102,46.36,0.11,0.11,267.25,6,4,1,0,0,Maintain engagement
user_951,115,39.59,0.13,0.1,303.93,6,0,1,0,0,Maintain engagement
user_952,109,42.48,0.11,0.11,212.54,6,2,1,0,0,Maintain engagement
user_953,110,40.33,0.1,0.1,257.05,6,0,1,0,0,Maintain engagement
user_954,113,38.18,0.11,0.11,245.71,6,2,1,0,1,Incentive offer
user_955,114,36.79,0.1,0.1,235.2,6,2,1,0,1,Incentive offer
user_956,119,37.17,0.09,0.1,270.6,6,3,1,0,1,Incentive offer
user_957,110,44.03,0.1,0.12,255.33,6,1,1,0,0,Maintain engagement
user_958,112,43.24,0.12,0.11,191.3,6,2,1,0,0,Maintain engagement
user_959,109,44.04,0.14,0.12,232.7,6,2,1,0,0,Maintain engagement
user_96,121,36.11,0.1,0.09,251.14,6,3,1,0,1,Incentive offer
user_960,108,46.15,0.1,0.12,238.47,6,4,1,0,0,Maintain engagement
user_961,107,45.79,0.13,0.12,248.26,6,4,1,0,0,Maintain engagement
user_962,102,46.7,0.1,0.08,243.79,6,4,-1,1,0,Behavior review
user_963,118,38.44,0.14,0.1,256.44,6,0,1,0,1,Incentive offer
user_964,113,39.99,0.11,0.09,284.24,6,0,1,0,0,Maintain engagement
user_965,117,37.7,0.1,0.09,226.13,6,2,1,0,1,Incentive offer
user_966,114,38.72,0.11,0.11,227.81,6,2,1,0,1,Incentive offer
user_967,111,38.37,0.09,0.12,238.54,6,1,1,0,1,Incentive offer
user_968,117,37.87,0.13,0.1,266.42,6,0,1,0,1,Incentive offer
user_969,109,43.65,0.13,0.09,298.26,6,0,1,0,0,Maintain engagement
user_97,118,36.68,0.11,0.12,239.08,6,3,1,0,1,Incentive offer
user_970,110,41.71,0.13,0.12,267.34,6,0,1,0,0,Maintain engagement
user_971,117,39.29,0.11,0.14,285.57,6,1,1,0,0,Maintain engagement
user_972,107,44.19,0.11,0.1,266.32,6,4,1,0,0,Maintain engagement
user_973,112,39.21,0.13,0.11,240.34,6,2,1,0,0,Maintain engagement
user_974,106,46.31,0.1,0.12,238.34,6,4,1,0,0,Maintain engagement
user_975,120,33.13,0.13,0.13,247.49,6,3,1,0,1,Incentive offer
user_976,119,36.23,0.09,0.13,246.54,6,1,1,0,1,Incentive offer
user_977,109,40.41,0.12,0.13,252.34,6,1,1,0,0,Maintain engagement
user_978,116,37.88,0.12,0.11,290.01,6,0,1,0,1,Incentive offer
user_979,120,37.66,0.1,0.12,251.17,6,1,1,0,1,Incentive offer
user_98,102,47.79,0.09,0.13,272.25,6,4,-1,1,0,Behavior review
user_980,106,42.7,0.1,0.11,244.75,6,4,1,0,0,Maintain engagement
user_981,112,41.7,0.12,0.1,278.7,6,0,1,0,0,Maintain engagement
user_982,113,38.47,0.13,0.11,283.13,6,0,1,0,1,Incentive offer
user_983,111,41.04,0.12,0.09,274.35,6,0,1,0,0,Maintain engagement
user_984,105,46.79,0.09,0.11,230.35,6,4,1,0,0,Maintain engagement
user_985,109,42.26,0.12,0.08,254.48,6,0,1,0,0,Maintain engagement
user_986,105,44.18,0.11,0.14,269.46,6,4,1,0,0,Maintain engagement
user_987,111,40.93,0.13,0.09,261.31,6,0,1,0,0,Maintain engagement
user_988,114,39.7,0.11,0.12,272.65,6,1,1,0,0,Maintain engagement
user_989,117,36.06,0.13,0.13,250.33,6,3,1,0,1,Incentive offer
user_99,119,34.34,0.12,0.11,236.88,6,3,1,0,1,Incentive offer
user_990,107,42.82,0.13,0.12,257.85,6,4,1,0,0,Maintain engagement
user_991,110,41.92,0.09,0.13,251.92,6,1,1,0,0,Maintain engagement
user_992,123,33.17,0.12,0.11,247.63,6,3,1,0,1,Incentive offer
user_993,112,39.87,0.1,0.13,267.6,6,1,1,0,0,Maintain engagement
user_994,122,34.24,0.09,0.13,249.27,6,3,1,0,1,Incentive offer
user_995,111,38.28,0.11,0.1,229.94,6,2,1,0,1,Incentive offer
user_996,127,27.53,0.1,0.09,273.79,6,3,-1,1,1,Urgent outreach
user_997,116,37.62,0.1,0.12,272.39,6,1,1,0,1,Incentive offer
user_998,119,36.07,0.11,0.13,271.34,6,3,1,0,1,Incentive offer
user_999,114,38.68,0.12,0.1,234.39,6,2,1,0,1,Incentive offer
